key,value_type,count,sample_value
banner_1773986964546_qyzjt5ekt,object,null,"{""id"": ""1773986964546_qyzjt5ekt"", ""type"": ""hero"", ""order"": 1, ""title"": ""landing page"", ""linkUrl"": """", ""imageUrl"": ""https://bqtzxoteoucvioxqgfpc.supabase.co/storage/v1/object/public/make-577b3f26-banne"
categories:1,object,null,"{""id"": ""1"", ""code"": ""1"", ""name"": ""Neckerchiefs"", ""path"": ""clothing-aprons-and-footwear/headwear-and-neckerchiefs/neckerchiefs"", ""slug"": ""neckerchiefs"", ""image"": ""https://media.nisbets.com/asset/au/cat"
categories:1002,object,null,"{""id"": ""1002"", ""code"": ""1002"", ""name"": ""Stainless Steel Gastronorm Pans"", ""path"": ""kitchenware-and-storage/food-storage/stainless-steel-gastronorm-pans"", ""slug"": ""stainless-steel-gastronorm-pans"", ""im"
categories:1003,object,null,"{""id"": ""1003"", ""code"": ""1003"", ""name"": ""Bar Blenders and Smoothie Makers"", ""path"": ""commercial-kitchen-machines/blenders/bar-blenders-and-smoothie-makers"", ""slug"": ""bar-blenders-and-smoothie-makers"", "
categories:10044,object,null,"{""id"": ""10044"", ""code"": ""10044"", ""name"": ""Glasswashers"", ""path"": ""commercial-kitchen-machines/dishwashers-and-glasswashers/glasswashers"", ""slug"": ""glasswashers"", ""image"": ""https://media.nisbets.com/as"
categories:10092,object,null,"{""id"": ""10092"", ""code"": ""10092"", ""name"": ""Olympia Athena Crockery"", ""path"": ""tableware-and-bar-supplies/crockery/olympia-athena-crockery"", ""slug"": ""olympia-athena-crockery"", ""image"": ""https://media.ni"
categories:10113,object,null,"{""id"": ""10113"", ""code"": ""10113"", ""name"": ""Roma 18/10 Cutlery"", ""path"": ""tableware-and-bar-supplies/cutlery/olympia-cutlery/roma-1810-cutlery"", ""slug"": ""roma-1810-cutlery"", ""image"": ""https://media.nisb"
categories:10114,object,null,"{""id"": ""10114"", ""code"": ""10114"", ""name"": ""Napoli 18/10 Cutlery"", ""path"": ""tableware-and-bar-supplies/cutlery/olympia-cutlery/napoli-1810-cutlery"", ""slug"": ""napoli-1810-cutlery"", ""image"": ""https://medi"
categories:10115,object,null,"{""id"": ""10115"", ""code"": ""10115"", ""name"": ""Torino Cutlery"", ""path"": ""tableware-and-bar-supplies/cutlery/trenton-cutlery/torino-cutlery"", ""slug"": ""torino-cutlery"", ""image"": ""https://media.nisbets.com/as"
categories:10160,object,null,"{""id"": ""10160"", ""code"": ""10160"", ""name"": ""Stemmed Beer Glasses"", ""path"": ""tableware-and-bar-supplies/glassware/beer-glassware/stemmed-beer-glasses"", ""slug"": ""stemmed-beer-glasses"", ""image"": ""https://m"
categories:10189,object,null,"{""id"": ""10189"", ""code"": ""10189"", ""name"": ""Bolero Spares and Accessories"", ""path"": ""commercial-kitchen-machines/spares--accessories/bolero-spares-and-accessories"", ""slug"": ""bolero-spares-and-accessorie"
categories:10197,object,null,"{""id"": ""10197"", ""code"": ""10197"", ""name"": ""Vogue Spares and Accessories"", ""path"": ""commercial-kitchen-machines/spares--accessories/vogue-spares-and-accessories"", ""slug"": ""vogue-spares-and-accessories"","
categories:10376,object,null,"{""id"": ""10376"", ""code"": ""10376"", ""name"": ""Cheese Knives and Cheese Cutters"", ""path"": ""kitchenware-and-storage/professional-kitchen-knives/cheese-knives-and-cheese-cutters"", ""slug"": ""cheese-knives-and-"
categories:10381,object,null,"{""id"": ""10381"", ""code"": ""10381"", ""name"": ""Squeeze Sauce Bottles and Dispensers"", ""path"": ""kitchenware-and-storage/kitchen-utensils-and-tools/kitchen-tools/squeeze-sauce-bottles-and-dispensers"", ""slug"""
categories:10393,object,null,"{""id"": ""10393"", ""code"": ""10393"", ""name"": ""Waist Aprons"", ""path"": ""clothing-aprons-and-footwear/chefs-and-hospitality-aprons/waist-aprons"", ""slug"": ""waist-aprons"", ""image"": ""https://media.nisbets.com/a"
categories:1040,object,null,"{""id"": ""1040"", ""code"": ""1040"", ""name"": ""Step Stools"", ""path"": ""cleaning-and-hygiene/health-and-safety/step-stools"", ""slug"": ""step-stools"", ""image"": ""https://media.nisbets.com/asset/au/category/grid_la"
categories:10550,object,null,"{""id"": ""10550"", ""code"": ""10550"", ""name"": ""Housekeeping"", ""path"": ""furniture/hotel-supplies-and-furniture/housekeeping"", ""slug"": ""housekeeping"", ""image"": ""https://media.nisbets.com/asset/au/category/gr"
categories:10567,object,null,"{""id"": ""10567"", ""code"": ""10567"", ""name"": ""Cream Chargers and Whippers"", ""path"": ""kitchenware-and-storage/pastry-and-baking-supplies/cream-chargers-and-whippers"", ""slug"": ""cream-chargers-and-whippers"","
categories:10570,object,null,"{""id"": ""10570"", ""code"": ""10570"", ""name"": ""Olympia Sample Sets"", ""path"": ""tableware-and-bar-supplies/cutlery/olympia-cutlery/olympia-sample-sets"", ""slug"": ""olympia-sample-sets"", ""image"": ""https://media"
categories:10579,object,null,"{""id"": ""10579"", ""code"": ""10579"", ""name"": ""Ice Crushers"", ""path"": ""refrigeration-and-ice-machines/ice-machines/ice-crushers"", ""slug"": ""ice-crushers"", ""image"": ""https://media.nisbets.com/asset/au/catego"
categories:1059,object,null,"{""id"": ""1059"", ""code"": ""1059"", ""name"": ""Glass Storage"", ""path"": ""tableware-and-bar-supplies/glassware/glass-storage"", ""slug"": ""glass-storage"", ""image"": ""https://media.nisbets.com/asset/au/category/gri"
categories:10599,object,null,"{""id"": ""10599"", ""code"": ""10599"", ""name"": ""Dustpan and Brushes"", ""path"": ""cleaning-and-hygiene/cleaning-supplies/dustpan-and-brushes"", ""slug"": ""dustpan-and-brushes"", ""image"": ""https://media.nisbets.com"
categories:10649,object,null,"{""id"": ""10649"", ""code"": ""10649"", ""name"": ""Hotel Furniture and Supplies"", ""path"": ""furniture/hotel-supplies-and-furniture/hotel-furniture-and-supplies"", ""slug"": ""hotel-furniture-and-supplies"", ""image"":"
categories:10687,object,null,"{""id"": ""10687"", ""code"": ""10687"", ""name"": ""Cling Wrap, Foil and Dispensers"", ""path"": ""kitchenware-and-storage/food-storage/food-labels-and-wrapping/cling-wrap-foil-and-dispensers"", ""slug"": ""cling-wrap-"
categories:10695,object,null,"{""id"": ""10695"", ""code"": ""10695"", ""name"": ""Pastry Cutters and Rollers"", ""path"": ""kitchenware-and-storage/pastry-and-baking-supplies/pastry-cutters-and-rollers"", ""slug"": ""pastry-cutters-and-rollers"", ""i"
categories:10701,object,null,"{""id"": ""10701"", ""code"": ""10701"", ""name"": ""Shaped Moulds"", ""path"": ""kitchenware-and-storage/pastry-and-baking-supplies/kitchen-moulds/shaped-moulds"", ""slug"": ""shaped-moulds"", ""image"": ""https://media.ni"
categories:10704,object,null,"{""id"": ""10704"", ""code"": ""10704"", ""name"": ""Spatulas and Turners"", ""path"": ""kitchenware-and-storage/kitchen-utensils-and-tools/cooking-and-serving-utensils/spatulas-and-turners"", ""slug"": ""spatulas-and-t"
categories:10710,object,null,"{""id"": ""10710"", ""code"": ""10710"", ""name"": ""Conical Strainers and Chinois"", ""path"": ""kitchenware-and-storage/kitchen-utensils-and-tools/colanders-strainers-and-salad-spinners/conical-strainers-and-chino"
categories:10733,object,null,"{""id"": ""10733"", ""code"": ""10733"", ""name"": ""Food Labels"", ""path"": ""consumables/food-labelling-and-wrapping/food-labelling/food-labels"", ""slug"": ""food-labels"", ""image"": ""https://media.nisbets.com/asset/a"
categories:10734,object,null,"{""id"": ""10734"", ""code"": ""10734"", ""name"": ""Mousse and Chef Rings"", ""path"": ""kitchenware-and-storage/pastry-and-baking-supplies/kitchen-moulds/mousse-and-chef-rings"", ""slug"": ""mousse-and-chef-rings"", ""i"
categories:10737,object,null,"{""id"": ""10737"", ""code"": ""10737"", ""name"": ""Slicers, Lifters and Skimmers"", ""path"": ""kitchenware-and-storage/kitchen-utensils-and-tools/cooking-and-serving-utensils/slicers-lifters-and-skimmers"", ""slug"""
categories:10742,object,null,"{""id"": ""10742"", ""code"": ""10742"", ""name"": ""Kitchen Scissors and Secateurs"", ""path"": ""kitchenware-and-storage/kitchen-utensils-and-tools/cooking-and-serving-utensils/kitchen-scissors-and-secateurs"", ""sl"
categories:10744,object,null,"{""id"": ""10744"", ""code"": ""10744"", ""name"": ""Pudding Basins"", ""path"": ""kitchenware-and-storage/pastry-and-baking-supplies/kitchen-moulds/pudding-basins"", ""slug"": ""pudding-basins"", ""image"": ""https://media"
categories:10745,object,null,"{""id"": ""10745"", ""code"": ""10745"", ""name"": ""Pastry and Dough Scrapers"", ""path"": ""kitchenware-and-storage/pastry-and-baking-supplies/pastry-and-baking-utensils/pastry-and-dough-scrapers"", ""slug"": ""pastry"
categories:10747,object,null,"{""id"": ""10747"", ""code"": ""10747"", ""name"": ""Muffin Pans"", ""path"": ""kitchenware-and-storage/pastry-and-baking-supplies/bakeware/muffin-pans"", ""slug"": ""muffin-pans"", ""image"": ""https://media.nisbets.com/as"
categories:10748,object,null,"{""id"": ""10748"", ""code"": ""10748"", ""name"": ""Cake Tins"", ""path"": ""kitchenware-and-storage/pastry-and-baking-supplies/bakeware/cake-tins"", ""slug"": ""cake-tins"", ""image"": ""https://media.nisbets.com/asset/au"
categories:10754,object,null,"{""id"": ""10754"", ""code"": ""10754"", ""name"": ""Ice Cream and Food Scoops"", ""path"": ""kitchenware-and-storage/kitchen-utensils-and-tools/cooking-and-serving-utensils/ice-cream-and-food-scoops"", ""slug"": ""ice-"
categories:10756,object,null,"{""id"": ""10756"", ""code"": ""10756"", ""name"": ""Potato Mashers and Ricers"", ""path"": ""kitchenware-and-storage/kitchen-utensils-and-tools/cooking-and-serving-utensils/potato-mashers-and-ricers"", ""slug"": ""pota"
categories:10765,object,null,"{""id"": ""10765"", ""code"": ""10765"", ""name"": ""Ramekins"", ""path"": ""kitchenware-and-storage/pastry-and-baking-supplies/kitchen-moulds/ramekins"", ""slug"": ""ramekins"", ""image"": ""https://media.nisbets.com/asset"
categories:1077,object,null,"{""id"": ""1077"", ""code"": ""1077"", ""name"": ""Bug Zappers"", ""path"": ""cleaning-and-hygiene/bug-zappers"", ""slug"": ""bug-zappers"", ""image"": ""https://media.nisbets.com/asset/au/category/grid_large/1077.jpg"", ""le"
categories:10800,object,null,"{""id"": ""10800"", ""code"": ""10800"", ""name"": ""Disposable Gloves"", ""path"": ""kitchenware-and-storage/cloths-and-gloves/disposable-gloves"", ""slug"": ""disposable-gloves"", ""image"": ""https://media.nisbets.com/as"
categories:10801,object,null,"{""id"": ""10801"", ""code"": ""10801"", ""name"": ""Tea Towels and Cloths"", ""path"": ""kitchenware-and-storage/cloths-and-gloves/tea-towels-and-cloths"", ""slug"": ""tea-towels-and-cloths"", ""image"": ""https://media.ni"
categories:10804,object,null,"{""id"": ""10804"", ""code"": ""10804"", ""name"": ""Vacuum Sealers"", ""path"": ""commercial-kitchen-machines/food-preparation-equipment/vacuum-sealers"", ""slug"": ""vacuum-sealers"", ""image"": ""https://media.nisbets.co"
categories:10810,object,null,"{""id"": ""10810"", ""code"": ""10810"", ""name"": ""Napkin Dispensers"", ""path"": ""tableware-and-bar-supplies/tabletop/napkin-dispensers"", ""slug"": ""napkin-dispensers"", ""image"": ""https://media.nisbets.com/asset/au"
categories:10823,object,null,"{""id"": ""10823"", ""code"": ""10823"", ""name"": ""Platform Trucks"", ""path"": ""kitchenware-and-storage/trolleys/platform-trucks"", ""slug"": ""platform-trucks"", ""image"": ""https://media.nisbets.com/asset/au/category"
categories:10825,object,null,"{""id"": ""10825"", ""code"": ""10825"", ""name"": ""Anti Slip Trays and Stands"", ""path"": ""tableware-and-bar-supplies/service-trays/anti-slip-trays-and-stands"", ""slug"": ""anti-slip-trays-and-stands"", ""image"": ""ht"
categories:10828,object,null,"{""id"": ""10828"", ""code"": ""10828"", ""name"": ""Fast Food Trays"", ""path"": ""tableware-and-bar-supplies/service-trays/fast-food-trays"", ""slug"": ""fast-food-trays"", ""image"": ""https://media.nisbets.com/asset/au/"
categories:10833,object,null,"{""id"": ""10833"", ""code"": ""10833"", ""name"": ""Queue Barriers"", ""path"": ""furniture/queue-barriers"", ""slug"": ""queue-barriers"", ""image"": ""https://media.nisbets.com/asset/au/category/grid_large/10833.jpg"", ""l"
categories:10847,object,null,"{""id"": ""10847"", ""code"": ""10847"", ""name"": ""Polycarbonate Crockery"", ""path"": ""tableware-and-bar-supplies/crockery/melamine-and-polycarbonate-crockery/polycarbonate-crockery"", ""slug"": ""polycarbonate-croc"
categories:10871,object,null,"{""id"": ""10871"", ""code"": ""10871"", ""name"": ""Stainless Steel Teapots"", ""path"": ""tableware-and-bar-supplies/beverage-service/teapots/stainless-steel-teapots"", ""slug"": ""stainless-steel-teapots"", ""image"": """